{"cameraMode":{"drawMode":0,"name":"Shaded","section":"Shading Mode"},"sceneLighting":false,"audioPlay":false,"sceneViewState":{"showFog":false,"showMaterialUpdate":false,"showSkybox":false,"showFlares":true,"showImageEffects":true,"showParticleSystems":true},"in2DMode":false,"pivot":{"x":0.13196797668933869,"y":0.07727629691362381,"z":0.4702295958995819},"rotation":{"x":-0.0543229766190052,"y":-0.14151592552661897,"z":0.007829451933503151,"w":-0.9884463548660278},"size":0.44833746552467348,"orthographic":false}