{"cameraMode":{"drawMode":0,"name":"Shaded","section":"Shading Mode"},"sceneLighting":true,"audioPlay":false,"sceneViewState":{"showFog":false,"showMaterialUpdate":false,"showSkybox":true,"showFlares":true,"showImageEffects":true,"showParticleSystems":true},"in2DMode":false,"pivot":{"x":1421.642822265625,"y":765.1341552734375,"z":-74.85488891601563},"rotation":{"x":-0.056376468390226367,"y":0.015272337943315506,"z":-0.0008034002967178822,"w":-0.9983289837837219},"size":322.3302917480469,"orthographic":false}